first_name,last_name,race,separation,entropy,gender,gender_confidence
EDWARD,SCHNEIDER,white,4.558032696853831,0.9117027916218656,male,0.8692874420996914
BENJAMIN,ROJAS,hispanic,26.5975257127688,0.3796868002635382,male,0.8835571471034719
RAYMOND,CHEN,api,863.5945619975839,0.03263228557141767,male,0.8588415663012274
CYNTHIA,WASHINGTON,black,6.6719469743150475,0.5860178298449595,female,0.9016460595798933
